日	5224.13
人	4813.899999999989
年	3190.320000000003
一	3170.8599999999974
本	3066.2300000000005
大	3030.9299999999967
事	2791.429999999999
思	2705.09
分	2641.6299999999974
出	2518.279999999995
会	2514.48
的	2464.999999999999
中	2449.090000000002
時	2376.219999999999
行	2363.0799999999986
見	2332.939999999996
国	2318.5299999999966
方	2225.7700000000004
自	2219.9299999999985
生	2206.079999999996
言	2133.59
者	2127.4799999999996
間	2114.469999999998
上	2090.5899999999997
月	2037.4100000000005
今	1981.2599999999998
私	1823.17
学	1775.2099999999998
合	1767.3300000000006
場	1670.310000000001
気	1632.2600000000016
入	1567.1300000000008
前	1557.6500000000008
手	1500.7300000000005
業	1489.4799999999998
実	1468.7200000000007
定	1461.7899999999997
理	1446.4400000000007
用	1408.6100000000006
後	1373.1799999999996
子	1355.970000000002
社	1337.820000000001
作	1320.1999999999998
発	1304.7300000000007
当	1301.89
対	1301.3099999999993
地	1295.0800000000017
書	1294.3400000000017
体	1284.9100000000005
問	1264.2199999999998
最	1252.7000000000007
法	1247.48
関	1247.3199999999995
度	1239.0300000000004
動	1229.6200000000003
考	1213.25
性	1210.2300000000007
意	1198.34
何	1191.2900000000004
感	1187.7100000000003
来	1186.0200000000013
目	1172.7700000000002
話	1172.16
部	1169.8000000000015
要	1163.2300000000002
全	1133.8900000000008
力	1129.2099999999991
現	1124.08
記	1116.8000000000004
新	1114.1
回	1106.4600000000005
長	1083.8300000000002
同	1076.1700000000008
通	1069.4199999999998
物	1050.7800000000004
題	1047.4600000000003
金	1040.78
員	1004.2099999999998
化	998.6599999999995
家	996.6100000000008
内	979.7999999999996
知	979.4500000000004
持	967.7
下	965.8599999999999
高	964.9799999999998
成	939.8000000000003
多	933.6300000000007
明	932.2000000000005
教	930.6999999999997
立	925.7399999999997
代	918.7100000000004
先	905.81
名	887.24
数	881.8999999999997
開	881.8399999999997
以	874.5299999999999
報	871.2300000000002
文	865.8700000000003
心	865.7899999999996
使	862.9400000000003
取	861.6799999999998
外	848.55
無	842.49
所	834.9799999999999
政	833.7200000000003
主	831.6499999999994
世	826.1300000000003
語	825.1600000000002
変	822.8999999999997
不	808.0800000000002
経	805.3400000000003
情	797.4700000000003
小	771.4299999999993
機	769.45
女	768.8199999999996
結	756.3899999999998
画	755.0499999999998
表	754.5999999999999
味	744.39
民	740.8399999999999
点	738.7900000000004
解	731.0199999999999
面	725.66
能	724.95
少	724.0999999999996
品	722.6099999999999
彼	705.0899999999998
必	703.67
近	697.8599999999999
議	695.2500000000002
連	689.66
決	687.19
期	685.8299999999997
在	685.3100000000002
活	679.7699999999996
楽	678.01
戦	676.4300000000001
様	673.7099999999998
第	668.6
二	667.98
特	662.8500000000006
聞	656.2800000000003
続	650.6600000000001
食	642.2399999999999
正	636.5499999999995
論	634.4400000000003
公	634.12
制	630.5799999999998
向	625.2600000000001
利	623.6499999999995
市	622.6600000000002
界	621.0200000000002
道	619.2600000000003
読	619.08
強	616.1600000000002
相	609.6500000000001
受	606.3299999999996
保	599.35
十	593.1499999999999
務	590.3600000000001
信	589.5899999999996
加	587.6099999999999
確	584.9300000000001
産	583.4099999999996
仕	580.1799999999997
違	579.45
集	578.2200000000001
付	576.3100000000004
常	575.7000000000002
資	569.61
調	568.72
料	566.8000000000001
投	564.4500000000004
円	561.0000000000001
初	559.7200000000003
次	556.9100000000001
重	556.3400000000007
田	552.9799999999999
選	549.6400000000001
組	546.5599999999998
安	545.44
電	544.1200000000001
良	537.97
状	536.43
売	535.7199999999999
価	534.82
設	534.76
計	528.7699999999999
得	527.9699999999999
指	525.6199999999999
果	524.9900000000001
身	518.6299999999999
有	516.2399999999996
三	515.2999999999996
切	514.0899999999999
別	513.9200000000002
進	511.5400000000001
他	510.12999999999994
原	505.92
真	504.75999999999965
参	503.50999999999993
際	500.1500000000001
然	495.9299999999999
説	491.50999999999993
基	491.45000000000005
引	488.16
音	484.12999999999994
予	477.46000000000004
判	476.96
込	476.75000000000034
過	476.52000000000004
東	476.4399999999998
神	474.4000000000004
質	472.2500000000001
可	469.2000000000001
水	466.6200000000001
車	465.14
番	462.15000000000015
終	460.73999999999995
応	458.92999999999995
件	458.15999999999997
山	455.34999999999985
係	453.46000000000015
約	451.51000000000005
認	449.71999999999997
権	448.4100000000001
等	447.6900000000001
始	446.8400000000001
直	444.67000000000013
達	444.6
委	441.23
店	441.03000000000003
格	435.1400000000001
示	434.87000000000006
野	434.29999999999984
想	433.0899999999999
育	432.1700000000001
平	430.87
校	429.42
万	429.0999999999999
共	428.28000000000003
好	425.2200000000001
運	424.1899999999998
海	424.08000000000004
買	423.09000000000015
非	420.6699999999999
置	419.5299999999999
験	417.64000000000004
術	414.39
供	412.5899999999999
例	412.0400000000001
治	411.66999999999985
流	409.2800000000001
映	405.5799999999999
起	402.3000000000001
式	400.73999999999995
構	395.18000000000023
研	393.65999999999985
検	392.05000000000007
反	391.57000000000005
義	391.51000000000016
容	391.5000000000001
告	391.0400000000001
観	389.31
限	387.2399999999999
元	383.53000000000003
済	379.45
男	378.7599999999999
支	377.63999999999993
形	375.1800000000001
朝	372.83000000000004
提	372.42999999999995
存	372.2899999999999
識	372.15000000000003
企	371.75
態	370.96999999999986
単	370.02000000000004
改	368.0199999999999
由	367.8299999999999
空	366.28000000000003
葉	365.4299999999999
送	364.8299999999999
悪	363.9700000000001
個	361.55000000000007
笑	360.87
君	360.23
屋	358.2
配	358.0400000000002
交	357.30000000000024
査	356.08999999999986
口	355.6800000000001
着	355.37999999999994
広	352.62000000000006
米	350.3399999999999
足	348.9600000000001
究	348.5599999999999
演	345.98999999999984
位	345.84999999999985
申	345.59000000000015
住	344.98000000000013
残	343.3599999999999
伝	340.57999999999987
営	339.24999999999994
京	338.63000000000005
害	337.6999999999999
和	335.9
任	332.2200000000002
半	330.47
工	327.44
氏	326.77
親	326.56999999999994
役	326.1
試	326.0700000000001
稿	324.82
都	323.0900000000002
勝	322.3499999999999
御	322.22
費	320.88000000000005
待	320.7900000000001
程	320.58999999999986
局	320.3599999999999
策	320.2800000000001
求	319.62
木	317.7899999999998
風	316.53000000000003
技	316.47999999999996
白	316.3900000000001
張	315.3799999999998
美	315.30000000000007
素	315.12000000000006
職	314.9100000000002
働	313.90999999999997
英	313.11000000000007
断	312.67
字	312.49000000000007
愛	311.46999999999997
科	310.2
介	309.32000000000016
増	309.23
色	309.0299999999999
府	308.5300000000001
土	305.1599999999999
止	304.6799999999999
規	304.67
転	304.25999999999993
案	303.08
答	300.8500000000001
団	300.16
収	298.17999999999995
帰	297.6200000000001
念	295.94
象	295.53
段	295.35
備	295.24
再	294.6599999999999
総	293.5699999999998
北	292.9200000000001
難	292.65000000000003
死	290.67999999999995
僕	290.04
命	289.6499999999999
値	288.1100000000001
早	286.66000000000014
週	286.4199999999999
放	285.5100000000002
建	284.09999999999985
写	284.0599999999999
天	281.40999999999985
注	280.95999999999987
労	280.37999999999994
昨	279.34
頭	278.4700000000001
効	278.46
川	277.80000000000007
線	277.5000000000001
返	276.96000000000004
域	276.59
客	274.69
商	273.03
種	272.90000000000003
証	271.95
号	271.3200000000001
院	270.44999999999993
造	270.4100000000001
習	269.81
歩	269.50999999999993
準	269.11000000000007
士	268.67999999999995
消	268.63999999999993
税	267.78000000000003
管	266.97999999999996
製	266.93
覚	266.35999999999996
視	265.95
願	265.06
量	264.9299999999999
側	264.03
展	263.98
県	263.42999999999995
協	262.89000000000004
村	262.72
録	262.67
落	262.3899999999999
台	262.21000000000004
護	260.69
条	260.21999999999997
図	260.00999999999993
省	258.57000000000005
境	258.13
割	257.88
乗	257.2799999999999
更	256.87
率	254.51999999999998
医	254.13
各	252.2100000000001
争	251.24
四	250.7199999999999
望	248.60999999999996
株	247.58999999999995
固	246.03000000000011
優	244.61999999999998
声	244.4
施	243.46
評	242.97999999999996
負	242.31
登	242.2800000000001
適	241.67000000000002
与	241.42999999999995
比	241.33999999999995
毎	240.56
接	240.39000000000004
我	240.06999999999996
官	239.84000000000003
島	239.69999999999985
環	239.21
族	238.82
影	238.71999999999997
導	238.55999999999992
門	238.30999999999986
類	238.06000000000003
算	236.89000000000001
五	236.80000000000004
失	236.75999999999996
載	236.51999999999998
病	236.5
統	236.39000000000001
夜	235.94000000000005
担	233.69000000000003
材	233.24000000000004
古	233.01999999999998
況	232.66
型	231.63
修	230.89999999999992
移	230.45000000000005
像	228.73000000000002
版	227.30999999999997
訳	227.06000000000003
誰	225.54
夫	224.15999999999997
追	223.99999999999991
系	223.96
差	222.35999999999996
裁	221.70999999999998
友	221.69000000000005
呼	221.65999999999994
党	221.10000000000002
満	220.11999999999998
具	219.14999999999992
編	219.10999999999993
完	218.65000000000003
軍	218.62
紹	218.0
般	217.56999999999994
講	217.29999999999998
及	216.98999999999998
細	216.6299999999999
曲	216.62000000000003
館	215.57999999999996
処	214.79999999999998
皆	214.53000000000003
光	214.47
整	213.79999999999995
史	213.4
歳	212.60999999999996
母	211.31000000000014
師	210.59999999999994
減	210.44
速	209.93
為	209.63000000000008
器	209.35999999999993
町	208.79999999999998
深	208.42999999999998
座	206.15
去	205.76000000000013
普	205.50000000000003
低	204.64999999999995
室	203.85999999999996
独	203.85999999999996
異	203.68000000000004
区	203.63000000000002
専	202.59999999999997
助	202.58999999999997
援	202.43000000000004
若	201.27000000000004
財	201.12
含	200.96000000000004
極	199.71999999999997
離	199.54000000000002
防	199.23999999999998
西	199.17999999999998
著	198.91
路	196.57999999999996
石	196.19999999999993
階	196.1
療	196.06999999999996
旅	195.23999999999998
急	194.96999999999994
談	194.92999999999995
苦	194.72
険	193.74000000000004
両	192.92000000000007
頃	192.69000000000005
休	192.67
顔	192.62
響	192.28999999999996
周	191.75
藤	191.42999999999995
歌	190.69000000000003
戻	188.78000000000003
察	188.09999999999997
宅	187.29999999999998
歴	186.70000000000002
絶	186.47
討	185.10000000000002
農	184.70999999999998
額	184.6299999999999
雑	184.18999999999994
欲	183.51000000000002
興	183.22999999999996
除	183.11999999999995
監	181.47
囲	181.32999999999996
打	181.23999999999998
派	180.16999999999996
末	179.06
千	178.32999999999998
換	177.91000000000003
勢	177.85000000000002
球	177.84
精	176.45
帯	175.19
火	175.02999999999992
従	174.57999999999998
標	173.09
守	172.30999999999997
疑	171.74999999999997
飛	171.68999999999994
許	171.68000000000004
飲	171.51
述	171.42000000000007
井	171.36
未	171.13999999999996
紙	170.92999999999998
復	170.45
撃	169.15
授	169.10000000000002
福	168.74
革	168.7
健	168.62
積	167.85000000000005
給	167.08000000000007
曜	166.18000000000004
弁	165.76000000000002
百	165.7
根	164.63999999999996
障	164.58999999999995
装	164.55999999999997
殺	163.95000000000002
補	163.60999999999996
太	163.34000000000006
景	163.29000000000002
章	162.63999999999996
振	161.82999999999993
故	161.57999999999998
被	161.20999999999998
頼	160.80999999999997
花	160.55
姿	160.14
走	159.9399999999999
簡	159.29000000000002
課	158.85000000000002
幸	157.74999999999997
責	157.49
父	156.93000000000004
警	156.76999999999998
審	155.92
突	155.37999999999997
億	155.14000000000001
販	154.03000000000003
韓	153.87999999999997
臣	153.62
熱	153.15000000000006
掲	152.6
馬	152.25
六	151.25999999999996
降	151.17999999999995
八	151.15999999999994
益	150.42000000000002
挙	150.30999999999997
緒	150.29999999999998
探	149.98000000000002
余	149.91000000000003
因	149.73999999999992
九	149.41999999999993
詳	149.37
訴	149.30999999999997
銀	148.64999999999998
抜	148.45000000000007
午	148.31
州	148.13
首	147.48000000000002
超	147.38
園	147.20999999999998
赤	147.20999999999992
辺	146.82
鮮	146.71
律	146.31999999999994
席	146.10999999999999
聴	145.83000000000004
携	145.79999999999998
築	145.63000000000005
王	145.6099999999999
了	143.13
退	142.14000000000001
払	142.11000000000007
織	141.94
領	141.73
婚	141.68999999999997
略	141.66999999999996
青	141.45999999999998
南	141.09999999999997
渡	140.43000000000004
練	139.85
刻	139.74
途	139.60999999999996
居	139.45999999999995
源	139.39999999999998
危	139.21999999999994
推	139.15
印	138.53999999999996
便	137.89999999999995
遠	137.88000000000002
罪	137.50000000000003
購	137.38
左	137.15
催	136.81000000000003
街	136.77000000000004
横	135.0699999999999
寄	134.90999999999994
司	133.7
激	133.67000000000002
模	132.71
困	132.68
頂	132.32
逆	130.45000000000002
衛	130.12
薬	129.85
勉	129.82999999999998
犯	129.7
並	129.29999999999998
融	129.01
右	128.65
七	128.04999999999998
恐	127.45999999999997
賞	127.25
端	127.06000000000003
隊	127.05
夏	126.83999999999999
児	126.57
越	126.56
破	126.08
松	125.3599999999999
夢	125.02999999999999
岡	124.69000000000001
項	124.31000000000002
温	124.07000000000001
短	124.0
痛	123.79000000000003
督	123.54999999999998
波	123.34999999999997
撮	122.85
攻	122.80999999999999
創	122.72
級	122.71
久	122.0
軽	121.75
郎	121.44000000000001
則	120.73
競	120.35000000000001
請	119.89
絵	119.77000000000002
黒	118.38000000000004
節	118.26999999999997
圧	118.08000000000003
索	118.07
訪	117.98
誌	117.69000000000001
描	117.47000000000003
戸	117.36
寝	117.24000000000001
芸	116.98000000000002
息	116.91999999999999
替	116.70000000000002
功	116.07000000000001
覧	115.89999999999999
沢	115.68000000000006
嫌	115.20999999999998
駅	115.08
密	114.62999999999998
納	114.45
摘	114.1
星	113.97000000000001
将	113.64999999999999
宮	113.60999999999996
忘	113.56000000000002
敗	113.1
武	112.69000000000001
倒	112.62999999999998
似	111.83000000000003
遊	111.81000000000002
肉	111.75000000000001
善	111.74999999999996
努	111.31
紀	111.30000000000001
庭	111.25999999999999
春	111.09999999999995
遅	110.64000000000001
昔	110.53999999999999
背	110.39000000000006
測	110.24000000000001
否	109.94000000000003
庫	109.73
承	109.58999999999999
厳	109.55000000000001
壊	109.46999999999997
散	108.93000000000004
庁	108.92000000000003
択	108.91999999999999
阪	108.82
複	108.78999999999998
留	108.76999999999998
鉄	107.69000000000003
採	107.64
輸	107.56999999999998
己	107.41
雨	106.93999999999997
康	106.87000000000002
互	106.47
俺	105.82
扱	105.27
押	104.9
舞	104.51999999999997
既	104.44999999999999
茶	104.37999999999998
盛	104.33999999999999
奏	104.21999999999997
冷	104.16000000000001
弱	103.79000000000002
欠	103.77000000000004
巻	103.47000000000003
順	103.34000000000003
裏	103.27
徒	103.25000000000001
板	102.99000000000004
服	102.14000000000006
触	101.73999999999998
林	101.68
継	101.4
酒	101.00999999999998
劇	100.85999999999999
属	100.83000000000003
驚	100.38999999999997
晴	100.37
兵	100.35999999999999
仲	100.20000000000002
拡	100.08000000000001
刊	99.96999999999998
照	99.94999999999999
析	99.58
血	99.49000000000001
勤	99.31
易	99.14000000000003
拠	98.99999999999999
谷	98.98000000000002
弾	98.73999999999998
絡	98.47
充	98.33999999999999
養	98.33000000000001
敵	98.22
泉	98.12999999999997
焼	98.08999999999999
角	98.07999999999998
港	97.92999999999999
謝	97.80000000000003
恋	97.53
崎	97.39999999999999
致	96.40000000000002
届	96.30000000000001
諸	96.14
列	95.64999999999998
契	95.45
洋	95.41000000000001
枚	94.85000000000001
婦	94.22999999999999
脳	94.17000000000002
宿	93.08000000000003
掛	93.08000000000003
禁	93.08000000000001
就	92.96
橋	92.86000000000001
純	92.76000000000003
遺	92.61999999999999
喜	92.5
夕	92.41999999999996
占	92.08000000000001
概	92.04999999999998
闘	91.97999999999999
静	91.76999999999997
森	91.47000000000003
批	91.2
宗	91.04000000000005
仮	91.03999999999999
層	90.80999999999999
爆	90.64999999999999
損	90.57999999999997
布	90.45000000000003
底	90.08999999999999
植	89.78000000000006
較	88.97
博	88.96000000000001
徴	88.87000000000002
船	88.87
油	88.61
志	88.37000000000003
迎	88.35000000000001
頑	88.10000000000001
倍	87.86
典	87.78999999999998
症	87.73
昼	87.59
辞	87.44000000000001
範	87.35000000000001
繰	87.22
齢	86.94000000000001
混	86.69
抗	86.39
希	86.1
香	86.07
佐	85.78
魔	85.57999999999998
聖	84.35999999999999
暴	84.35999999999997
均	84.16
災	83.73999999999998
抱	83.72999999999999
暗	83.61000000000001
秘	83.54999999999998
震	82.85999999999999
豊	82.7
祭	82.67
眠	82.39
悲	82.21999999999998
憲	82.17
惑	81.96
借	81.95000000000002
快	81.75999999999999
衆	81.74
券	81.69999999999999
亡	81.07000000000002
染	80.96000000000002
礼	80.96000000000001
依	80.60999999999999
救	80.52
慮	80.06
幅	80.03000000000002
募	79.78999999999998
犬	79.36999999999999
逃	79.35
避	79.11999999999999
誤	79.04999999999998
削	79.00999999999999
憶	78.81
老	78.52000000000001
奥	78.41
令	78.24000000000002
維	77.98
蔵	77.94
宣	77.81000000000002
秋	77.78
慣	77.71000000000001
迷	77.44999999999999
貴	77.10000000000001
片	77.04999999999998
乱	77.00000000000001
傷	76.97000000000003
富	76.85000000000001
暮	76.85000000000001
娘	76.68
筆	76.61999999999998
杯	76.58
昭	76.45999999999998
至	76.44000000000001
厚	76.32
傾	76.29999999999998
瞬	75.95
踏	75.88999999999997
射	75.67
債	75.41999999999999
趣	75.37
雇	75.35000000000001
脱	75.31
診	75.24
卒	75.17
疲	75.11
廃	74.87000000000002
悩	74.67
妻	74.44
伸	74.39999999999998
針	74.28999999999999
央	74.25000000000001
浮	74.21999999999998
到	74.07999999999997
称	74.02
閉	74.00000000000001
洗	73.93
盤	73.71000000000001
筋	73.69000000000001
怖	73.67
患	73.53000000000002
靴	73.50999999999999
締	73.16999999999996
昇	72.88
陽	72.82
吉	72.76999999999998
草	72.75000000000003
妙	72.68
票	72.36999999999999
刑	71.83999999999999
江	71.49000000000002
績	71.34000000000002
鳥	71.14
柄	70.98
宇	70.75999999999999
束	70.75
捕	70.56
航	70.39
壁	70.37
欧	70.27
是	69.53000000000002
延	69.45
候	69.19999999999999
雪	68.89
嬉	68.64000000000001
旧	68.64000000000001
永	68.17999999999999
籍	67.79
丸	67.59
吸	67.54999999999998
折	67.50000000000001
荷	67.13
城	66.99000000000001
怒	66.98999999999998
隣	66.41
皇	66.32
緊	66.16999999999999
操	66.05
腹	66.04
釈	65.7
清	65.57999999999998
堂	65.53000000000002
華	65.42
隠	65.38000000000001
玉	65.33000000000001
恵	64.76
跡	64.75999999999998
幹	64.54
躍	64.49
陸	64.33000000000003
微	64.28999999999999
旨	64.07
里	63.44000000000001
誘	63.40999999999999
副	63.00000000000001
窓	62.94999999999999
才	62.62
遣	62.44
浜	62.37
宙	62.330000000000005
房	62.33
伺	62.25999999999999
停	62.24999999999999
泣	62.169999999999995
兄	62.08
刺	62.050000000000004
迫	61.89000000000001
郵	61.78
歯	61.709999999999994
秒	61.330000000000005
賛	61.089999999999996
魅	60.91
縮	60.85000000000001
礎	60.81
季	60.66000000000001
飯	60.540000000000006
執	60.49999999999999
沖	60.449999999999996
握	60.36000000000001
覆	60.31
賃	60.3
耳	60.07
核	59.85
詰	59.71000000000001
河	59.58999999999998
献	59.43999999999999
償	59.28999999999999
骨	59.25
箸	59.209999999999994
貨	59.050000000000004
雰	59.04
露	58.739999999999995
群	58.72000000000002
閣	58.49000000000002
捨	58.349999999999994
丈	58.330000000000005
勧	58.309999999999995
牛	57.51
駄	57.470000000000006
訟	57.37
侵	57.24
顧	57.13999999999999
詞	57.05
池	56.99999999999999
冬	56.88999999999999
甘	56.68000000000001
懸	56.61
輪	56.57999999999999
奇	56.30000000000001
寒	56.239999999999995
床	56.239999999999995
冊	56.14000000000001
徹	56.11999999999998
措	55.96
栄	55.91000000000001
幼	55.900000000000006
貸	55.83
滅	55.71999999999999
岩	55.58
巨	55.49
干	55.33
崩	55.32999999999999
菜	55.02
忙	54.43
弟	54.42
札	54.36000000000002
伴	54.209999999999994
毛	53.620000000000005
魚	53.529999999999994
岸	53.519999999999996
併	53.169999999999995
免	53.04000000000001
誕	52.89
霊	52.870000000000005
薄	52.82999999999999
即	52.650000000000006
騒	52.420000000000016
伊	52.14000000000001
剤	52.07
排	51.98000000000001
尋	51.78000000000001
樹	51.58
丁	51.559999999999995
縄	51.55
又	51.519999999999996
拝	51.51000000000001
駆	51.39
耐	51.29
抑	51.22
秀	51.2
坂	51.00999999999999
尾	50.909999999999975
泙	50.88
仏	50.759999999999984
雄	50.67000000000001
汚	50.669999999999995
促	50.64
呂	50.550000000000004
需	50.529999999999994
訓	50.39
猫	50.33
湾	50.28
句	50.180000000000014
稼	50.03999999999999
距	50.019999999999996
寺	49.98
貧	49.89
揮	49.83
鹿	49.610000000000014
臨	49.440000000000005
燃	49.399999999999984
尊	49.129999999999995
包	49.05999999999999
吹	49.010000000000005
竹	48.90999999999999
液	48.88999999999999
怪	48.800000000000004
渉	48.67
髪	48.51999999999999
滞	48.33
裕	48.23999999999999
践	48.2
邪	48.080000000000005
鳴	48.05
挑	48.0
却	47.88999999999999
剣	47.81
慢	47.76
泊	47.730000000000004
威	47.63000000000001
舎	47.57
械	47.53
童	47.459999999999994
控	47.28
祝	47.22999999999999
駐	47.21000000000001
姉	47.16
皮	47.06999999999999
輩	47.03999999999999
豆	46.89
眼	46.70999999999999
招	46.599999999999994
箱	46.36999999999999
祈	46.18
乳	46.169999999999995
凄	46.08999999999999
晩	46.050000000000004
幕	45.90000000000001
敬	45.87999999999997
棄	45.800000000000004
翻	45.690000000000005
衝	45.499999999999986
砂	45.48
如	45.449999999999996
獲	45.4
哲	45.34000000000001
徳	45.17
漢	44.790000000000006
辛	44.65999999999999
捜	44.4
僚	44.150000000000006
酸	43.900000000000006
麻	43.779999999999994
奴	43.660000000000004
暖	43.52
翌	43.51
腕	43.50000000000001
涙	43.43
署	43.36
宝	43.35
兆	43.349999999999994
託	43.289999999999985
詩	43.239999999999995
尽	43.14
暑	42.94
儀	42.93
幾	42.67
盟	42.529999999999994
偽	42.51000000000002
敷	42.51
帝	42.37
狙	41.91
奈	41.89999999999999
看	41.87
縁	41.63
荒	41.43
祖	41.39
倉	41.36000000000001
煙	41.25000000000001
塩	41.150000000000006
毒	41.14
黄	41.10999999999999
邦	41.09
抵	40.980000000000004
津	40.959999999999994
衣	40.95
祉	40.92
透	40.89999999999999
埋	40.87
奪	40.66
桜	40.589999999999996
沿	40.57
飾	40.4
肩	40.349999999999994
踊	40.199999999999996
盗	40.18999999999999
還	40.14
胸	39.93
袋	39.91
濃	39.73
枠	39.68999999999999
陰	39.339999999999996
預	39.26
緑	38.99
緩	38.93
恥	38.88
熟	38.879999999999995
砲	38.709999999999994
逮	38.58
豪	38.46
屈	38.42
賀	38.37999999999999
鑑	38.31000000000001
拒	38.28999999999999
須	38.080000000000005
寿	37.879999999999995
浴	37.87
陣	37.81
汗	37.75
随	37.720000000000006
刷	37.50000000000001
唯	37.309999999999995
狭	37.28000000000001
麗	37.25
誠	37.22
黙	37.21999999999999
漫	36.989999999999995
繁	36.980000000000004
帳	36.78
妹	36.779999999999994
羽	36.67000000000001
譲	36.63
唱	36.59999999999999
巡	36.59000000000001
勇	36.54
潜	36.46
虫	36.44000000000001
垢	36.39999999999999
序	36.330000000000005
仰	36.25
渋	36.190000000000005
某	36.059999999999995
殊	35.650000000000006
暇	35.64000000000001
襲	35.63
鏡	35.63
梅	35.46999999999999
添	35.32000000000001
叫	35.199999999999996
該	35.11
譴	34.94
貯	34.70000000000001
罰	34.68
粉	34.64000000000001
掃	34.63999999999999
云	34.51
圏	34.43000000000001
把	34.36000000000001
柔	34.18
瀬	34.099999999999994
炭	33.98
穴	33.98
冒	33.949999999999996
鈴	33.88
匹	33.84
誇	33.68999999999999
狂	33.66000000000001
勘	33.57000000000001
陥	33.449999999999996
臓	33.309999999999995
脚	33.290000000000006
湯	33.260000000000005
珍	33.22
偶	33.14
甲	32.88999999999999
喫	32.879999999999995
遂	32.82
眺	32.77
矢	32.629999999999995
励	32.5
塗	32.46
粋	32.46
銘	32.44
舗	32.39
沈	32.269999999999996
燭	32.17
脅	32.09
遇	32.08
腰	32.019999999999996
懐	31.93
悔	31.889999999999997
掘	31.8
旦	31.750000000000004
儲	31.739999999999995
輝	31.720000000000002
辰	31.669999999999998
宜	31.380000000000003
芝	31.130000000000006
揃	31.090000000000003
拶	31.07
挨	31.07
偏	30.949999999999996
揺	30.84
繋	30.76
旬	30.7
殿	30.679999999999996
歓	30.669999999999998
括	30.63
飼	30.57
履	30.49
拍	30.46
貫	30.19
滑	30.18
肌	30.039999999999996
雲	29.96
那	29.929999999999996
貿	29.87
慎	29.759999999999998
魂	29.56
浦	29.55
艦	29.46
郷	29.409999999999993
撤	29.39
双	29.35
之	29.330000000000005
腐	29.330000000000002
乾	29.249999999999993
貼	29.2
貢	29.15
酔	29.079999999999995
賢	29.07
焦	29.02
謎	28.78
紛	28.759999999999994
臭	28.65
偉	28.5
堀	28.33
襪	28.32
潮	28.249999999999996
悟	28.169999999999998
膨	27.990000000000002
釣	27.890000000000008
銃	27.78
鎖	27.7
澤	27.66999999999999
牧	27.650000000000002
胞	27.65
銭	27.610000000000003
誉	27.56
薦	27.55
蓄	27.53
浅	27.490000000000002
卵	27.45
糖	27.44
幻	27.389999999999997
封	27.289999999999992
抽	27.15
兼	27.039999999999996
蠅	26.7
倫	26.68
頻	26.65
奨	26.62
漁	26.62
癒	26.509999999999998
奮	26.45
嘘	26.44
稲	26.38
酷	26.29
盾	26.27
咲	26.240000000000002
玄	26.200000000000003
熊	26.11
網	25.99
贈	25.97000000000001
塚	25.88
紅	25.860000000000003
杉	25.849999999999998
鼻	25.810000000000006
阿	25.569999999999997
貰	25.46
綺	25.44
謀	25.439999999999998
烈	25.38
肝	25.38
孤	25.309999999999995
鬼	25.18
菓	25.169999999999998
脈	25.119999999999997
彩	25.1
龍	24.960000000000004
揚	24.910000000000004
塾	24.87
虐	24.869999999999994
虚	24.700000000000006
搭	24.659999999999997
晶	24.650000000000006
翼	24.479999999999997
頁	24.4
棚	24.39999999999999
彦	24.320000000000004
灯	24.32
浸	24.27
寂	24.249999999999996
犠	24.23
炎	24.169999999999998
寧	24.099999999999998
脂	24.08
畑	24.070000000000004
墓	24.02
葬	23.88
捉	23.84
牲	23.81
叩	23.770000000000003
往	23.679999999999996
劣	23.66
軸	23.650000000000002
硬	23.63
柱	23.49
肥	23.449999999999992
也	23.300000000000004
没	23.220000000000002
箇	23.180000000000003
姫	23.179999999999996
韻	23.17
矛	23.12
隔	23.109999999999996
稚	23.100000000000005
拘	22.960000000000004
戒	22.959999999999997
弊	22.930000000000003
訂	22.87
妥	22.860000000000003
裂	22.820000000000007
磨	22.820000000000004
棒	22.729999999999997
睡	22.720000000000002
坊	22.710000000000004
旗	22.48999999999999
鍵	22.439999999999998
殆	22.43
剰	22.29
俗	22.250000000000004
妊	22.25
靖	22.240000000000006
漏	22.23
湖	22.200000000000003
勿	21.950000000000003
縦	21.91
岐	21.83
繊	21.79
忠	21.779999999999998
麦	21.680000000000007
酬	21.67
噂	21.6
乏	21.42
孫	21.410000000000004
鉱	21.37
闇	21.280000000000005
獄	21.080000000000005
俳	21.08
隆	21.009999999999998
絞	20.98
遭	20.88
椅	20.73
陳	20.670000000000005
飽	20.650000000000002
簿	20.6
氷	20.519999999999996
斎	20.359999999999996
泳	20.34
鋭	20.26
惨	20.250000000000004
獣	20.229999999999997
吐	20.189999999999998
憩	20.15
涼	20.129999999999995
煮	20.12
傍	20.11
肢	20.11
凍	19.970000000000002
堅	19.95
欄	19.93
磁	19.78
枝	19.76
軟	19.749999999999996
敏	19.72
懇	19.700000000000003
徐	19.7
培	19.639999999999997
恩	19.61
后	19.57
愚	19.54
發	19.54
潔	19.509999999999998
潟	19.49
菌	19.48
啓	19.439999999999998
緯	19.400000000000002
柳	19.39
嫁	19.380000000000003
亀	19.34
仙	19.34
溶	19.1
拾	19.06
錯	19.040000000000003
摩	19.01
賠	19.009999999999998
亜	18.999999999999996
卓	18.990000000000002
湿	18.98
軒	18.84
尚	18.74
脇	18.65
缶	18.57
哀	18.529999999999998
閲	18.48
瓦	18.400000000000002
欺	18.330000000000002
浄	18.320000000000004
淡	18.259999999999998
稽	18.25
拉	18.24
豚	18.19
幌	18.11
妨	18.08
斉	18.05
濯	18.03
慰	17.98
涯	17.939999999999998
披	17.89
紫	17.75
架	17.740000000000002
泥	17.65
疾	17.62
擁	17.560000000000002
汁	17.560000000000002
顕	17.549999999999997
茲	17.52
机	17.48
摂	17.41
匠	17.4
璧	17.4
粒	17.290000000000003
洞	17.29
廷	17.25
斜	17.24
覗	17.21
猛	17.17
符	17.15
溢	17.13
俊	17.089999999999996
郊	17.05
弘	17.03
阻	16.9
拓	16.890000000000004
糸	16.88
鍋	16.8
克	16.73
皿	16.65
竜	16.640000000000004
茂	16.61
諦	16.59
詐	16.529999999999998
殖	16.520000000000003
丹	16.48
媒	16.46
蒸	16.46
伏	16.37
唐	16.349999999999998
恒	16.33
忍	16.3
羅	16.29
逸	16.249999999999996
塔	16.22
郡	16.19
譜	16.11
錣	16.11
穏	16.09
憂	16.06
栽	15.96
綱	15.93
狩	15.860000000000003
雅	15.820000000000002
騎	15.729999999999999
惜	15.690000000000001
循	15.64
仁	15.63
垣	15.610000000000001
糧	15.61
萌	15.59
或	15.530000000000001
壇	15.53
嬢	15.509999999999998
浪	15.5
祥	15.49
凝	15.45
巧	15.44
智	15.41
漂	15.409999999999997
嘆	15.33
秩	15.31
穫	15.31
刀	15.309999999999999
慌	15.299999999999999
寸	15.269999999999998
慶	15.25
粧	15.2
遍	15.16
扉	15.11
帽	14.98
痴	14.9
彫	14.87
妄	14.81
裸	14.8
敢	14.77
軌	14.74
偵	14.72
朗	14.72
隅	14.660000000000002
埼	14.66
燥	14.58
褒	14.51
癖	14.5
憧	14.49
漠	14.479999999999999
覇	14.459999999999999
匿	14.45
鶏	14.43
匂	14.37
宴	14.340000000000002
冗	14.34
潰	14.32
衰	14.29
縛	14.280000000000005
綿	14.259999999999998
擦	14.2
蕕	14.19
奉	14.18
呆	14.13
國	14.1
畜	14.080000000000002
旋	14.059999999999999
蓮	14.03
浩	14.010000000000002
羊	13.999999999999998
尻	13.980000000000002
幣	13.979999999999999
弦	13.950000000000001
喋	13.93
嵐	13.93
昧	13.89
肪	13.85
馴	13.8
剛	13.799999999999999
胃	13.77
懲	13.67
鬱	13.63
疎	13.579999999999998
溜	13.51
傘	13.509999999999998
丘	13.5
召	13.42
鍛	13.42
拭	13.379999999999997
麺	13.37
暫	13.360000000000001
棟	13.31
邸	13.28
垂	13.25
憎	13.22
呪	13.15
潤	13.15
怠	13.14
芽	13.14
迅	13.02
娠	13.0
鵑	12.96
舌	12.94
戯	12.840000000000002
雷	12.789999999999997
壮	12.64
笋	12.62
蹴	12.61
寛	12.600000000000001
栗	12.59
鬚	12.59
彰	12.51
滝	12.51
耕	12.51
僧	12.459999999999999
曹	12.450000000000001
粘	12.430000000000001
鎌	12.350000000000001
尿	12.35
嶋	12.35
唆	12.32
筒	12.280000000000001
誓	12.250000000000002
李	12.24
婆	12.23
卸	12.21
挿	12.200000000000003
癌	12.17
衡	12.139999999999999
胆	12.06
凡	12.03
騰	11.98
歪	11.959999999999999
膚	11.91
伯	11.899999999999999
噌	11.88
愉	11.88
弔	11.879999999999999
董	11.850000000000001
猪	11.849999999999998
棋	11.82
曇	11.79
斬	11.77
宛	11.760000000000002
湧	11.729999999999999
喧	11.71
廊	11.700000000000001
凶	11.699999999999998
綻	11.68
鼓	11.68
泡	11.670000000000002
径	11.66
惹	11.65
粗	11.63
隙	11.620000000000001
沙	11.59
漬	11.59
朴	11.58
灰	11.58
蛇	11.549999999999999
沼	11.540000000000003
堪	11.52
噴	11.49
炉	11.49
膜	11.47
梨	11.469999999999999
疫	11.459999999999999
撲	11.45
征	11.440000000000001
妖	11.44
傑	11.389999999999999
諾	11.35
葛	11.34
孝	11.29
刃	11.280000000000001
暦	11.280000000000001
辻	11.28
巣	11.27
亭	11.24
駒	11.239999999999998
紋	11.23
塊	11.22
但	11.209999999999999
呈	11.179999999999998
賭	11.120000000000003
隷	11.1
菱	11.09
鶴	11.049999999999999
壌	11.040000000000001
兇	11.0
寮	11.0
腸	10.999999999999998
酵	10.86
冠	10.799999999999999
叶	10.799999999999999
殴	10.780000000000001
扶	10.76
掴	10.75
塞	10.739999999999998
膝	10.71
荘	10.709999999999999
霧	10.709999999999999
其	10.7
騙	10.7
胡	10.670000000000003
貌	10.67
吾	10.629999999999999
肯	10.61
菊	10.61
綴	10.59
謙	10.53
庶	10.52
畳	10.51
崇	10.450000000000001
附	10.44
班	10.43
鎮	10.410000000000002
盆	10.34
苗	10.339999999999998
汰	10.290000000000001
鋼	10.28
廚	10.27
乙	10.19
轄	10.18
桃	10.170000000000002
据	10.169999999999998
搬	10.16
辿	10.16
宏	10.139999999999999
柴	10.11
挟	10.090000000000002
贅	10.05
函	10.040000000000001
倶	10.030000000000001
盲	10.020000000000001
諭	10.010000000000002
猟	9.96
叱	9.95
柏	9.94
筈	9.94
曖	9.8
喪	9.780000000000001
爽	9.739999999999998
掌	9.71
弥	9.680000000000001
曰	9.610000000000001
茨	9.57
醸	9.45
笠	9.43
脆	9.42
於	9.41
篇	9.41
諮	9.36
沸	9.350000000000001
零	9.34
噛	9.320000000000002
炊	9.299999999999999
陶	9.290000000000001
肺	9.26
貝	9.26
鉛	9.26
芳	9.25
呑	9.240000000000002
戚	9.24
剥	9.21
瓶	9.200000000000001
瞳	9.18
阜	9.18
拳	9.15
戴	9.149999999999999
喉	9.12
瞭	9.1
菅	9.07
蘇	8.92
嘩	8.89
僅	8.88
赦	8.870000000000001
卑	8.840000000000002
澄	8.84
腫	8.82
鈍	8.82
塁	8.780000000000001
擬	8.73
捧	8.729999999999999
喚	8.719999999999999
酎	8.69
峰	8.629999999999999
痩	8.610000000000001
姓	8.61
溝	8.59
曽	8.58
坪	8.55
弓	8.549999999999999
蓋	8.530000000000001
縫	8.52
枯	8.51
貞	8.379999999999999
个	8.33
銅	8.33
只	8.32
醤	8.290000000000001
餌	8.27
遮	8.23
悼	8.19
訊	8.19
遥	8.18
猿	8.17
蜂	8.14
穂	8.129999999999999
丼	8.11
伎	8.11
梁	8.1
赴	8.040000000000001
殻	8.02
濡	8.01
挫	7.969999999999999
槽	7.96
雀	7.96
鐘	7.959999999999999
宰	7.95
叔	7.949999999999999
佑	7.94
娯	7.92
辱	7.9
馳	7.9
滴	7.859999999999999
酢	7.8500000000000005
昆	7.83
虎	7.8
珠	7.77
尺	7.75
滋	7.720000000000001
窮	7.71
餅	7.71
桁	7.7
逢	7.69
喰	7.6899999999999995
笛	7.68
藩	7.68
廻	7.639999999999999
稀	7.6000000000000005
跳	7.59
唄	7.579999999999999
享	7.539999999999999
狼	7.539999999999999
賊	7.51
此	7.5
慈	7.49
袖	7.49
詫	7.46
喝	7.42
椎	7.350000000000001
隼	7.31
賑	7.300000000000001
筑	7.29
炒	7.28
煽	7.27
累	7.27
晋	7.25
禅	7.25
胎	7.23
惧	7.199999999999999
洒	7.19
扇	7.170000000000002
鳩	7.169999999999999
粛	7.16
囚	7.1499999999999995
悠	7.14
蕎	7.13
飢	7.13
瓩	7.12
憤	7.1000000000000005
渦	7.090000000000001
綾	7.090000000000001
抹	7.07
斐	7.07
淳	7.05
拙	7.04
遷	7.039999999999999
蹐	7.03
款	6.989999999999999
戮	6.970000000000001
伐	6.97
爵	6.96
圭	6.9399999999999995
紳	6.930000000000001
穀	6.9
輔	6.890000000000001
厄	6.869999999999998
賄	6.85
幽	6.840000000000001
砕	6.8100000000000005
錬	6.800000000000001
爪	6.8
惚	6.79
泰	6.760000000000001
妃	6.7
錠	6.7
枕	6.6899999999999995
痺	6.65
矯	6.63
詮	6.61
髄	6.6
羨	6.579999999999999
恨	6.56
莫	6.56
堤	6.549999999999999
妬	6.54
逐	6.53
聡	6.52
陛	6.51
碑	6.49
牡	6.4799999999999995
唇	6.46
憾	6.42
釜	6.41
汎	6.390000000000001
艇	6.390000000000001
篠	6.380000000000001
颪	6.38
祐	6.379999999999999
謡	6.379999999999999
孔	6.32
枢	6.319999999999999
旭	6.3100000000000005
昌	6.3
琉	6.3
堕	6.29
墜	6.289999999999999
閥	6.270000000000001
侶	6.26
瞑	6.26
鷹	6.23
墨	6.19
媛	6.1899999999999995
栃	6.17
逝	6.16
賜	6.15
岳	6.1499999999999995
愕	6.109999999999999
忌	6.069999999999999
拐	6.06
倣	6.04
楼	6.04
祀	6.03
慨	6.02
洪	6.02
遽	6.01
舛	5.99
窟	5.98
佳	5.970000000000001
腓	5.95
頬	5.95
吟	5.9399999999999995
眉	5.92
虜	5.92
渓	5.89
搾	5.88
蝶	5.88
醜	5.88
鉢	5.87
磴	5.86
虹	5.85
且	5.840000000000001
眞	5.84
錦	5.84
乃	5.83
蒙	5.819999999999999
凌	5.79
遡	5.79
圓	5.77
舟	5.760000000000001
亮	5.76
鯨	5.75
淵	5.74
蘭	5.74
紡	5.73
租	5.69
霞	5.6899999999999995
濫	5.68
嫉	5.67
癲	5.67
硫	5.66
芋	5.66
蔑	5.65
蔽	5.65
紊	5.64
蜜	5.620000000000001
桑	5.61
凹	5.609999999999999
肖	5.58
繩	5.57
呉	5.55
訣	5.54
庵	5.53
曚	5.51
讃	5.48
耗	5.47
冥	5.46
罠	5.45
醒	5.45
瘍	5.4399999999999995
琴	5.430000000000001
讐	5.41
玩	5.390000000000001
彙	5.39
蛍	5.380000000000001
餃	5.38
摯	5.36
刈	5.359999999999999
剖	5.35
薫	5.34
憑	5.33
捗	5.33
渇	5.33
哉	5.32
尉	5.3100000000000005
陪	5.29
庄	5.28
爺	5.2700000000000005
茅	5.2700000000000005
股	5.27
臼	5.27
樽	5.26
簑	5.26
閑	5.25
翔	5.22
怯	5.19
侮	5.1899999999999995
躇	5.18
躊	5.18
芯	5.14
苛	5.130000000000001
呟	5.11
幡	5.11
些	5.109999999999999
罵	5.08
捏	5.07
甚	5.06
遵	5.04
准	5.03
猶	5.02
窒	4.999999999999999
骸	4.98
爾	4.97
帆	4.95
崖	4.93
應	4.92
紗	4.9
絆	4.9
蚊	4.890000000000001
釘	4.890000000000001
晃	4.89
斗	4.88
儖	4.86
桂	4.86
帖	4.85
湘	4.83
糾	4.83
侍	4.82
杖	4.819999999999999
頓	4.819999999999999
寅	4.78
朱	4.76
迄	4.75
勲	4.74
苑	4.74
蛙	4.74
晒	4.72
敦	4.710000000000001
藍	4.71
郭	4.71
籠	4.69
餓	4.680000000000001
乞	4.66
薇	4.65
薔	4.65
姦	4.609999999999999
鴨	4.609999999999999
糞	4.6
桐	4.59
璽	4.59
胴	4.59
播	4.57
漆	4.5600000000000005
廣	4.56
註	4.56
畿	4.55
屬	4.54
撒	4.54
舶	4.54
襦	4.54
腎	4.52
吠	4.51
棲	4.49
茎	4.48
濁	4.46
喩	4.45
痕	4.44
勃	4.43
俵	4.42
苔	4.41
澆	4.36
杏	4.359999999999999
泌	4.3500000000000005
藝	4.3500000000000005
嗜	4.35
巷	4.35
蔓	4.35
嘉	4.34
仔	4.33
峠	4.33
遼	4.33
笹	4.32
緻	4.3100000000000005
尼	4.31
椶	4.29
碁	4.29
雛	4.29
樋	4.28
牽	4.26
奄	4.25
傲	4.24
頷	4.22
俣	4.21
毅	4.18
紐	4.18
梶	4.17
陵	4.17
隈	4.17
峡	4.14
吊	4.12
彷	4.08
蕁	4.08
蛮	4.08
詣	4.08
拷	4.07
朽	4.07
毀	4.07
洩	4.07
隻	4.07
謳	4.05
廉	4.04
玲	4.04
塵	4.029999999999999
堺	4.01
痢	4.01
采	4.01
佞	3.99
叙	3.9699999999999998
牢	3.9499999999999997
悦	3.94
洲	3.93
箋	3.92
薩	3.92
裾	3.92
恭	3.91
汽	3.91
渕	3.91
厨	3.9
梱	3.88
卿	3.8600000000000003
條	3.85
麓	3.85
濱	3.8499999999999996
腺	3.8499999999999996
兎	3.83
牙	3.8
茹	3.8
杜	3.79
弄	3.7800000000000002
膺	3.76
獅	3.74
勾	3.7399999999999998
煩	3.7199999999999998
磯	3.71
暁	3.69
漱	3.69
謹	3.69
篤	3.68
艶	3.67
萎	3.66
旺	3.6
禄	3.6
臆	3.59
橘	3.58
鍼	3.58
愁	3.5700000000000003
肘	3.56
謂	3.56
嗅	3.5599999999999996
焉	3.54
罎	3.53
醍	3.5
醐	3.5
尖	3.49
舐	3.49
烏	3.4800000000000004
詠	3.48
串	3.47
來	3.45
从	3.43
咳	3.43
抄	3.4299999999999997
漸	3.42
萩	3.42
甥	3.41
迦	3.41
噺	3.4
紺	3.3999999999999995
乖	3.39
姑	3.39
證	3.3899999999999997
恣	3.38
捻	3.38
鹸	3.38
姻	3.37
姐	3.3600000000000003
溺	3.3600000000000003
瓜	3.3400000000000003
晦	3.34
鞭	3.33
芦	3.32
鵜	3.3199999999999994
煎	3.3099999999999996
撫	3.29
裟	3.29
填	3.2800000000000002
塀	3.28
肇	3.28
凸	3.25
杭	3.24
絹	3.24
蒼	3.24
遙	3.22
鮨	3.22
暢	3.2100000000000004
栓	3.21
盧	3.21
餐	3.1999999999999997
磐	3.19
窃	3.18
諒	3.18
疇	3.17
弧	3.15
淋	3.1400000000000006
侯	3.13
柵	3.13
睦	3.13
巾	3.1199999999999997
悶	3.1100000000000003
淘	3.11
鯖	3.09
庸	3.08
鞄	3.08
奔	3.05
涛	3.05
蒲	3.05
顎	3.05
槍	3.04
榮	3.0399999999999996
狗	3.0300000000000002
梗	3.03
灸	3.03
繍	3.01
遜	3.01
踪	3.0
凛	2.99
巳	2.9899999999999998
脊	2.9899999999999998
亘	2.98
揉	2.98
這	2.98
峙	2.97
俸	2.96
寡	2.96
拗	2.95
誹	2.95
謗	2.95
而	2.94
貪	2.94
挽	2.92
櫻	2.92
堆	2.91
怨	2.91
僂	2.9
珈	2.9
琲	2.9
趙	2.9
雌	2.9
椿	2.89
氾	2.89
睨	2.89
蟹	2.89
冶	2.8899999999999997
眩	2.8700000000000006
芥	2.87
琵	2.8600000000000003
琶	2.8600000000000003
彡	2.85
椒	2.85
舵	2.8499999999999996
祷	2.84
汲	2.83
姜	2.8200000000000003
畔	2.81
惰	2.8
沌	2.8
翠	2.8
柿	2.79
秦	2.78
漕	2.77
繕	2.77
飴	2.77
瑞	2.7699999999999996
藻	2.7699999999999996
袈	2.7699999999999996
郁	2.76
陀	2.76
稔	2.72
曝	2.7199999999999998
堵	2.71
琢	2.71
蝋	2.71
窪	2.7
爐	2.69
葵	2.69
鮎	2.69
鱗	2.69
唸	2.66
嘱	2.6500000000000004
齋	2.65
茸	2.64
竣	2.63
薪	2.6
荻	2.59
諜	2.59
唾	2.58
姪	2.57
焚	2.57
駝	2.57
慧	2.56
頒	2.56
坑	2.5500000000000003
嗚	2.55
瑠	2.55
榊	2.54
釧	2.54
迂	2.5300000000000002
狐	2.52
鞍	2.52
劉	2.51
冴	2.5
棺	2.5
斥	2.48
鵐	2.48
墳	2.47
實	2.47
扮	2.4699999999999998
蚕	2.4699999999999998
濤	2.45
鷲	2.45
埃	2.44
宋	2.44
劼	2.43
朋	2.43
宵	2.42
瀕	2.42
萬	2.42
唖	2.41
岬	2.41
竿	2.41
壕	2.4
炸	2.4
鎧	2.4
嚇	2.39
墟	2.39
砦	2.39
喘	2.38
囁	2.38
槻	2.37
氣	2.36
苫	2.36
斡	2.35
揄	2.34
揶	2.34
腑	2.33
邊	2.33
痒	2.32
鯛	2.32
剃	2.31
學	2.31
曾	2.31
訃	2.31
丞	2.3
冤	2.3
灌	2.3
蛋	2.3
錆	2.3
媚	2.29
彗	2.29
珪	2.29
齊	2.29
畏	2.2800000000000002
篭	2.2800000000000002
夷	2.28
蔭	2.28
鵬	2.28
哺	2.27
憐	2.27
菩	2.27
壱	2.2600000000000002
膳	2.26
俄	2.25
婿	2.25
泄	2.24
瞞	2.24
疹	2.2399999999999998
秤	2.2399999999999998
倭	2.23
淑	2.23
祇	2.23
酌	2.23
稜	2.2199999999999998
絢	2.21
鮭	2.21
嗣	2.2
粥	2.2
豹	2.2
礁	2.19
翁	2.19
蛎	2.19
屯	2.18
掟	2.18
鮖	2.18
桶	2.1799999999999997
撰	2.17
藁	2.17
蝉	2.17
凱	2.16
鯉	2.16
佛	2.15
壺	2.15
蠣	2.15
鵝	2.14
柑	2.1399999999999997
爛	2.1399999999999997
叡	2.13
肴	2.13
譚	2.12
賓	2.12
惣	2.1100000000000003
浙	2.11
碗	2.11
檎	2.1
髭	2.1
謄	2.09
鞘	2.09
鰹	2.08
硝	2.0700000000000003
彿	2.07
徊	2.07
徘	2.07
悗	2.07
聯	2.07
闊	2.07
紘	2.06
薀	2.06
屁	2.05
諏	2.05
佇	2.04
膏	2.04
邁	2.03
顛	2.03
吃	2.02
茜	2.02
汐	2.0100000000000002
徨	2.01
慕	2.01
毯	2.0
絨	2.0
萄	1.99
葡	1.99
麟	1.9899999999999998
娩	1.98
窯	1.98
蟻	1.98
殉	1.9700000000000002
疆	1.97
擇	1.96
楠	1.96
駿	1.96
嬌	1.95
蝓	1.94
勅	1.9300000000000002
纏	1.9300000000000002
壷	1.93
轢	1.92
聘	1.91
鼎	1.91
聾	1.9
魯	1.8800000000000001
桟	1.88
灘	1.88
襟	1.88
斑	1.87
櫃	1.87
瑤	1.87
螢	1.87
儒	1.86
劫	1.86
汝	1.86
猥	1.86
腿	1.86
鄭	1.86
咽	1.8599999999999999
弛	1.85
朧	1.85
孟	1.8499999999999999
昏	1.8399999999999999
賦	1.8399999999999999
丙	1.83
裳	1.83
鉉	1.83
樺	1.8200000000000003
凪	1.81
膿	1.81
弌	1.79
纂	1.79
葱	1.79
貶	1.79
餡	1.79
厩	1.7800000000000002
榜	1.78
苺	1.78
詭	1.78
嘔	1.77
坦	1.77
攣	1.77
痙	1.77
肋	1.77
套	1.7600000000000002
閃	1.7600000000000002
會	1.76
燈	1.76
禍	1.76
訛	1.7599999999999998
嘲	1.75
麹	1.75
茄	1.74
戰	1.73
牝	1.73
禿	1.73
繭	1.73
茵	1.73
巫	1.72
栖	1.71
藪	1.71
鰻	1.71
吏	1.7000000000000002
牌	1.7
酪	1.7
鳳	1.7
憚	1.69
蛛	1.68
蜘	1.68
趨	1.68
駕	1.68
鷯	1.68
俯	1.67
瞰	1.67
筐	1.66
厘	1.65
嶺	1.65
廟	1.65
腔	1.65
鮫	1.65
叉	1.6400000000000001
仇	1.64
僻	1.64
巴	1.64
皺	1.64
膣	1.64
珊	1.63
瑚	1.63
豺	1.63
饉	1.63
魁	1.63
饅	1.62
魏	1.62
鮓	1.62
腱	1.6099999999999999
峪	1.6
縞	1.6
罹	1.6
坐	1.5999999999999999
楓	1.59
梓	1.5899999999999999
畠	1.5899999999999999
弐	1.58
躾	1.58
霜	1.58
蕾	1.57
綜	1.5699999999999998
輿	1.5699999999999998
與	1.56
逓	1.56
饒	1.56
屓	1.55
蟲	1.55
贔	1.55
黎	1.5499999999999998
圃	1.54
燕	1.54
穢	1.54
虔	1.54
狸	1.53
禽	1.53
靭	1.53
厭	1.52
叢	1.52
掻	1.52
曙	1.51
檻	1.51
瀧	1.51
懺	1.5
擢	1.5
頸	1.5
楚	1.49
榎	1.49
陲	1.49
隕	1.49
朔	1.48
縣	1.48
楕	1.47
賂	1.47
蹟	1.47
遒	1.47
馨	1.47
凧	1.46
袴	1.46
挺	1.4599999999999997
刹	1.45
屍	1.45
璃	1.44
鼠	1.44
亙	1.43
亨	1.43
斧	1.43
鮗	1.43
升	1.42
尤	1.42
糠	1.42
踵	1.42
辟	1.42
喬	1.41
涜	1.41
澪	1.41
礫	1.41
諫	1.41
紆	1.4
莉	1.4
葺	1.4
諺	1.4
贋	1.3900000000000001
什	1.39
楊	1.39
糊	1.38
肛	1.38
蒔	1.38
螺	1.38
裔	1.38
邑	1.38
鋳	1.38
團	1.37
甦	1.37
覿	1.37
帥	1.36
柚	1.35
熾	1.35
窺	1.35
藏	1.35
劾	1.34
碧	1.34
巌	1.33
漑	1.33
瑕	1.33
疵	1.33
鴻	1.33
價	1.32
晰	1.32
輌	1.32
輙	1.32
鮃	1.32
膠	1.3199999999999998
伍	1.31
傭	1.3
傳	1.3
扁	1.3
敲	1.3
芭	1.3
蕉	1.3
鸞	1.3
僑	1.29
崔	1.29
梢	1.29
槌	1.28
筍	1.28
褐	1.28
滲	1.27
煉	1.27
辣	1.27
恫	1.26
冨	1.25
淫	1.25
當	1.25
丿	1.24
峻	1.24
謬	1.24
偲	1.23
屏	1.23
峯	1.23
昂	1.23
淹	1.23
軋	1.23
狛	1.22
關	1.22
佃	1.21
娼	1.21
椰	1.21
榲	1.21
檀	1.21
轡	1.21
逞	1.2000000000000002
禎	1.2
杞	1.19
胚	1.19
逗	1.19
兜	1.18
奢	1.18
咤	1.17
檜	1.17
訶	1.17
雫	1.17
洛	1.1600000000000001
贄	1.16
惟	1.15
痔	1.15
邉	1.15
鮟	1.15
轟	1.1400000000000001
庇	1.14
穣	1.14
聲	1.14
錫	1.14
儚	1.13
堰	1.13
屑	1.13
從	1.13
拮	1.13
渾	1.13
箔	1.13
賣	1.13
愀	1.12
泪	1.12
粟	1.11
賽	1.1099999999999999
柊	1.1
淀	1.1
襯	1.1
逼	1.1
殲	1.09
癩	1.09
磋	1.09
鉾	1.09
墾	1.08
寓	1.08
恰	1.08
盡	1.08
颯	1.08
鴎	1.08
囃	1.07
譟	1.07
轍	1.07
伽	1.06
埒	1.06
埜	1.06
峨	1.06
嵯	1.06
慄	1.06
渚	1.06
瘤	1.06
邂	1.05
煌	1.0499999999999998
嚢	1.04
枡	1.04
椀	1.04
蒋	1.04
讀	1.04
几	1.03
樂	1.03
雁	1.03
哨	1.02
恍	1.02
睫	1.02
迭	1.02
酋	1.02
饗	1.02
續	1.01
詈	1.01
咎	1.0
桧	1.0
罷	1.0
蛾	1.0
豕	1.0
隘	1.0
鷭	1.0
蛸	0.99
魴	0.99
堯	0.98
愿	0.98
瞼	0.98
胱	0.98
膀	0.98
臑	0.98
鯡	0.98
斂	0.97
爬	0.97
葦	0.97
鯆	0.97
埠	0.96
壽	0.96
紂	0.96
膵	0.96
訝	0.96
貳	0.96
赳	0.96
蹄	0.96
騨	0.96
單	0.95
焙	0.95
饂	0.95
凋	0.94
卍	0.94
效	0.94
楡	0.94
沫	0.94
穿	0.94
网	0.94
裡	0.94
靡	0.94
亞	0.93
倖	0.93
戌	0.93
捷	0.93
魍	0.93
勁	0.92
楯	0.92
涵	0.92
瓮	0.92
疋	0.92
蜷	0.92
褻	0.92
蹂	0.92
躙	0.92
祓	0.9199999999999999
蠍	0.91
醗	0.91
嵌	0.9099999999999999
剪	0.9
渥	0.9
繹	0.9
聽	0.9
臺	0.9
鷺	0.9
咾	0.89
啄	0.89
幇	0.89
狡	0.89
猾	0.89
鑽	0.89
隋	0.89
傀	0.87
儡	0.87
匡	0.87
咀	0.87
嚼	0.87
耽	0.87
號	0.87
襖	0.87
閾	0.87
靄	0.87
鯑	0.87
儘	0.86
塙	0.86
寵	0.86
撼	0.86
攪	0.86
湛	0.86
祠	0.86
藐	0.86
躯	0.86
鯒	0.86
倹	0.85
椣	0.85
皐	0.85
體	0.85
鯤	0.85
蝕	0.8400000000000001
烹	0.84
睛	0.84
蒐	0.84
瀋	0.83
叛	0.8200000000000001
杵	0.8200000000000001
彌	0.82
燻	0.82
菖	0.82
蘆	0.82
蝦	0.82
覺	0.82
鍮	0.82
扈	0.81
朦	0.81
灼	0.81
筏	0.81
經	0.81
臥	0.81
跋	0.81
饌	0.81
卜	0.8
對	0.8
棘	0.8
矮	0.8
衷	0.8
弉	0.79
燦	0.79
萋	0.79
覯	0.79
鰺	0.79
拂	0.78
梯	0.78
竄	0.78
羯	0.78
嘗	0.77
垰	0.77
埓	0.77
楢	0.77
盪	0.77
蠹	0.77
頚	0.77
鮴	0.77
侫	0.76
湊	0.76
烙	0.76
砥	0.76
箕	0.76
魑	0.76
齟	0.76
齬	0.76
嫐	0.75
樫	0.75
盂	0.75
眄	0.75
耶	0.75
舘	0.75
亦	0.74
愼	0.74
珀	0.74
琥	0.74
芻	0.74
萓	0.74
譽	0.74
鮑	0.74
揆	0.73
濾	0.73
禧	0.73
罫	0.73
翡	0.73
薗	0.73
魎	0.73
乎	0.72
倦	0.72
彬	0.72
收	0.72
枷	0.72
權	0.72
狽	0.72
硯	0.72
禮	0.72
躁	0.72
于	0.71
兒	0.71
憫	0.71
斯	0.71
鰐	0.71
嫻	0.7
孵	0.7
怜	0.7
痰	0.7
盍	0.7
眛	0.7
瞥	0.7
綵	0.7
衞	0.7
鐵	0.7
壬	0.69
榴	0.69
欝	0.69
爲	0.69
魄	0.69
巽	0.68
褄	0.68
逡	0.68
銚	0.68
錐	0.68
髻	0.68
鮪	0.68
囘	0.67
沁	0.67
渊	0.67
漿	0.67
禹	0.67
舩	0.67
莪	0.67
匐	0.66
孕	0.66
悸	0.66
憊	0.66
捺	0.66
摺	0.66
欒	0.66
滓	0.66
瑛	0.66
疼	0.66
絃	0.66
聨	0.66
嬰	0.65
楔	0.65
淺	0.65
簾	0.65
虞	0.65
誼	0.65
賤	0.65
匆	0.64
按	0.64
沃	0.64
祟	0.64
逅	0.64
韋	0.64
駁	0.64
鮠	0.64
憬	0.63
櫓	0.63
殷	0.63
聰	0.63
謐	0.63
貘	0.63
鰯	0.63
鷙	0.63
麿	0.63
匙	0.62
崗	0.62
嵩	0.62
捌	0.62
撹	0.62
睾	0.62
豬	0.62
鄧	0.62
酉	0.62
鋪	0.62
麌	0.62
咄	0.61
嗟	0.61
屠	0.61
嵜	0.61
廛	0.61
箴	0.61
籐	0.61
羚	0.61
鋏	0.61
鍬	0.61
麒	0.61
屮	0.6
拌	0.6
楮	0.6
榛	0.6
碍	0.6
笥	0.6
箒	0.6
箪	0.6
蠡	0.6
蹙	0.6
顰	0.6
儂	0.59
楳	0.59
犀	0.59
畝	0.59
茉	0.59
蠧	0.59
駑	0.59
鮹	0.59
僭	0.58
妓	0.58
寨	0.58
忽	0.58
猜	0.58
茫	0.58
酊	0.58
酩	0.58
錨	0.58
餾	0.58
卦	0.57
將	0.57
惠	0.57
攘	0.57
朕	0.57
槃	0.57
櫛	0.57
涅	0.57
熙	0.57
牒	0.57
眦	0.57
禊	0.57
聳	0.57
蚤	0.57
蜃	0.57
觚	0.57
鐐	0.57
鞠	0.57
咸	0.56
惺	0.56
攫	0.56
暈	0.56
曼	0.56
爭	0.56
獏	0.56
荼	0.56
蓑	0.56
蔡	0.56
蔦	0.56
餤	0.56
馘	0.56
俎	0.55
嫡	0.55
廼	0.55
樵	0.55
澹	0.55
瘡	0.55
萃	0.55
褥	0.55
褪	0.55
譯	0.55
躰	0.55
閔	0.55
丱	0.54
偕	0.54
幀	0.54
桓	0.54
滸	0.54
盃	0.54
芹	0.54
蕩	0.54
衍	0.54
衒	0.54
霆	0.54
霖	0.54
飄	0.54
亥	0.53
冑	0.53
妾	0.53
慘	0.53
憺	0.53
撥	0.53
瀝	0.53
碩	0.53
絲	0.53
緋	0.53
羹	0.53
翅	0.53
艘	0.53
蕃	0.53
蘋	0.53
雖	0.53
鱈	0.53
俟	0.52
做	0.52
咥	0.52
桔	0.52
蜀	0.52
袂	0.52
贖	0.52
閻	0.52
靱	0.52
卯	0.51
呵	0.51
嗤	0.51
已	0.51
惡	0.51
欅	0.51
獰	0.51
甫	0.51
脛	0.51
藥	0.51
譬	0.51
輻	0.51
鴉	0.51
寇	0.5
拿	0.5
潘	0.5
臍	0.5
舒	0.5
菫	0.5
鄒	0.5
堝	0.49
娶	0.49
托	0.49
栞	0.49
檬	0.49
檸	0.49
澁	0.49
瓠	0.49
磔	0.49
窄	0.49
羶	0.49
翕	0.49
袁	0.49
鑼	0.49
雹	0.49
鯊	0.49
鯵	0.49
鹽	0.49
乘	0.48
侑	0.48
欽	0.48
潺	0.48
濠	0.48
盥	0.48
稻	0.48
觧	0.48
雋	0.48
駈	0.48
噪	0.47
宕	0.47
欷	0.47
歿	0.47
沐	0.47
牟	0.47
瓢	0.47
矜	0.47
禰	0.47
莱	0.47
蓬	0.47
蓼	0.47
賈	0.47
鬆	0.47
鯲	0.47
兩	0.46
宍	0.46
悍	0.46
皸	0.46
腟	0.46
蕪	0.46
蠱	0.46
衿	0.46
觀	0.46
觜	0.46
蹈	0.46
輯	0.46
髏	0.46
髑	0.46
塹	0.45
嶼	0.45
擾	0.45
樟	0.45
洙	0.45
羞	0.45
蘊	0.45
蛤	0.45
蝿	0.45
豸	0.45
鏗	0.45
點	0.45
侠	0.44
慙	0.44
櫂	0.44
盈	0.44
紬	0.44
胤	0.44
莽	0.44
蔀	0.44
鉤	0.44
鯣	0.44
丑	0.43
嘴	0.43
撻	0.43
昴	0.43
杰	0.43
澗	0.43
燗	0.43
疽	0.43
穗	0.43
羮	0.43
耀	0.43
膸	0.43
莞	0.43
薮	0.43
處	0.43
蟷	0.43
蠑	0.43
貔	0.43
賁	0.43
逍	0.43
閏	0.43
僖	0.42
允	0.42
弖	0.42
愴	0.42
斤	0.42
楾	0.42
涎	0.42
淒	0.42
盻	0.42
蹇	0.42
霾	0.42
飩	0.42
鯀	0.42
鱒	0.42
亢	0.41
册	0.41
塑	0.41
宥	0.41
專	0.41
惇	0.41
攅	0.41
樣	0.41
歎	0.41
澱	0.41
甜	0.41
眇	0.41
眤	0.41
荏	0.41
蜥	0.41
蜴	0.41
豈	0.41
鋸	0.41
錚	0.41
餞	0.41
驕	0.41
乍	0.4
咬	0.4
嚥	0.4
囮	0.4
斟	0.4
晁	0.4
梵	0.4
檢	0.4
歉	0.4
沺	0.4
燐	0.4
皓	0.4
砺	0.4
碕	0.4
菠	0.4
萢	0.4
薙	0.4
蠢	0.4
衢	0.4
觴	0.4
賎	0.4
馮	0.4
僉	0.39
址	0.39
坤	0.39
嶌	0.39
梟	0.39
槇	0.39
橙	0.39
煤	0.39
砧	0.39
礇	0.39
箏	0.39
脹	0.39
膤	0.39
藹	0.39
貽	0.39
錮	0.39
鳶	0.39
鷏	0.39
麁	0.39
麩	0.39
丕	0.38
剱	0.38
咆	0.38
哮	0.38
坡	0.38
奧	0.38
寶	0.38
尹	0.38
庚	0.38
廖	0.38
廠	0.38
廳	0.38
彊	0.38
愡	0.38
慇	0.38
撚	0.38
棍	0.38
甕	0.38
痘	0.38
脩	0.38
蛆	0.38
蠕	0.38
訐	0.38
訥	0.38
諡	0.38
豐	0.38
醫	0.38
鈎	0.38
頌	0.38
鴇	0.38
悉	0.37
敕	0.37
棹	0.37
淇	0.37
煥	0.37
畦	0.37
眈	0.37
篁	0.37
藜	0.37
覦	0.37
邱	0.37
醇	0.37
錘	0.37
顆	0.37
巖	0.36
撞	0.36
郢	0.36
鮒	0.36
